,Survived,Pclass,Age,SibSp,Parch,Fare,male,Q,S
0,No,3,22.0,1,0,7.25,1,0,1
1,Yes,1,38.0,1,0,71.2833,0,0,0
2,Yes,3,26.0,0,0,7.925,0,0,1
3,Yes,1,35.0,1,0,53.1,0,0,1
4,No,3,35.0,0,0,8.05,1,0,1
5,No,3,24.0,0,0,8.4583,1,1,0
6,No,1,54.0,0,0,51.8625,1,0,1
7,No,3,2.0,3,1,21.075,1,0,1
8,Yes,3,27.0,0,2,11.1333,0,0,1
9,Yes,2,14.0,1,0,30.0708,0,0,0
10,Yes,3,4.0,1,1,16.7,0,0,1
11,Yes,1,58.0,0,0,26.55,0,0,1
12,No,3,20.0,0,0,8.05,1,0,1
13,No,3,39.0,1,5,31.275,1,0,1
14,No,3,14.0,0,0,7.8542,0,0,1
15,Yes,2,55.0,0,0,16.0,0,0,1
16,No,3,2.0,4,1,29.125,1,1,0
17,Yes,2,29.0,0,0,13.0,1,0,1
18,No,3,31.0,1,0,18.0,0,0,1
19,Yes,3,24.0,0,0,7.225,0,0,0
20,No,2,35.0,0,0,26.0,1,0,1
21,Yes,2,34.0,0,0,13.0,1,0,1
22,Yes,3,15.0,0,0,8.0292,0,1,0
23,Yes,1,28.0,0,0,35.5,1,0,1
24,No,3,8.0,3,1,21.075,0,0,1
25,Yes,3,38.0,1,5,31.3875,0,0,1
26,No,3,24.0,0,0,7.225,1,0,0
27,No,1,19.0,3,2,263.0,1,0,1
28,Yes,3,24.0,0,0,7.8792,0,1,0
29,No,3,24.0,0,0,7.8958,1,0,1
30,No,1,40.0,0,0,27.7208,1,0,0
31,Yes,1,37.0,1,0,146.5208,0,0,0
32,Yes,3,24.0,0,0,7.75,0,1,0
33,No,2,66.0,0,0,10.5,1,0,1
34,No,1,28.0,1,0,82.1708,1,0,0
35,No,1,42.0,1,0,52.0,1,0,1
36,Yes,3,24.0,0,0,7.2292,1,0,0
37,No,3,21.0,0,0,8.05,1,0,1
38,No,3,18.0,2,0,18.0,0,0,1
39,Yes,3,14.0,1,0,11.2417,0,0,0
40,No,3,40.0,1,0,9.475,0,0,1
41,No,2,27.0,1,0,21.0,0,0,1
42,No,3,24.0,0,0,7.8958,1,0,0
43,Yes,2,3.0,1,2,41.5792,0,0,0
44,Yes,3,19.0,0,0,7.8792,0,1,0
45,No,3,24.0,0,0,8.05,1,0,1
46,No,3,24.0,1,0,15.5,1,1,0
47,Yes,3,24.0,0,0,7.75,0,1,0
48,No,3,24.0,2,0,21.6792,1,0,0
49,No,3,18.0,1,0,17.8,0,0,1
50,No,3,7.0,4,1,39.6875,1,0,1
51,No,3,21.0,0,0,7.8,1,0,1
52,Yes,1,49.0,1,0,76.7292,0,0,0
53,Yes,2,29.0,1,0,26.0,0,0,1
54,No,1,65.0,0,1,61.9792,1,0,0
55,Yes,1,37.0,0,0,35.5,1,0,1
56,Yes,2,21.0,0,0,10.5,0,0,1
57,No,3,28.5,0,0,7.2292,1,0,0
58,Yes,2,5.0,1,2,27.75,0,0,1
59,No,3,11.0,5,2,46.9,1,0,1
60,No,3,22.0,0,0,7.2292,1,0,0
62,No,1,45.0,1,0,83.475,1,0,1
63,No,3,4.0,3,2,27.9,1,0,1
64,No,1,37.0,0,0,27.7208,1,0,0
65,Yes,3,24.0,1,1,15.2458,1,0,0
66,Yes,2,29.0,0,0,10.5,0,0,1
67,No,3,19.0,0,0,8.1583,1,0,1
68,Yes,3,17.0,4,2,7.925,0,0,1
69,No,3,26.0,2,0,8.6625,1,0,1
70,No,2,32.0,0,0,10.5,1,0,1
71,No,3,16.0,5,2,46.9,0,0,1
72,No,2,21.0,0,0,73.5,1,0,1
73,No,3,26.0,1,0,14.4542,1,0,0
74,Yes,3,32.0,0,0,56.4958,1,0,1
75,No,3,25.0,0,0,7.65,1,0,1
76,No,3,24.0,0,0,7.8958,1,0,1
77,No,3,24.0,0,0,8.05,1,0,1
78,Yes,2,0.83,0,2,29.0,1,0,1
79,Yes,3,30.0,0,0,12.475,0,0,1
80,No,3,22.0,0,0,9.0,1,0,1
81,Yes,3,29.0,0,0,9.5,1,0,1
82,Yes,3,24.0,0,0,7.7875,0,1,0
83,No,1,28.0,0,0,47.1,1,0,1
84,Yes,2,17.0,0,0,10.5,0,0,1
85,Yes,3,33.0,3,0,15.85,0,0,1
86,No,3,16.0,1,3,34.375,1,0,1
87,No,3,24.0,0,0,8.05,1,0,1
88,Yes,1,23.0,3,2,263.0,0,0,1
89,No,3,24.0,0,0,8.05,1,0,1
90,No,3,29.0,0,0,8.05,1,0,1
91,No,3,20.0,0,0,7.8542,1,0,1
92,No,1,46.0,1,0,61.175,1,0,1
93,No,3,26.0,1,2,20.575,1,0,1
94,No,3,59.0,0,0,7.25,1,0,1
95,No,3,24.0,0,0,8.05,1,0,1
96,No,1,71.0,0,0,34.6542,1,0,0
97,Yes,1,23.0,0,1,63.3583,1,0,0
98,Yes,2,34.0,0,1,23.0,0,0,1
99,No,2,34.0,1,0,26.0,1,0,1
100,No,3,28.0,0,0,7.8958,0,0,1
101,No,3,24.0,0,0,7.8958,1,0,1
102,No,1,21.0,0,1,77.2875,1,0,1
103,No,3,33.0,0,0,8.6542,1,0,1
104,No,3,37.0,2,0,7.925,1,0,1
105,No,3,28.0,0,0,7.8958,1,0,1
106,Yes,3,21.0,0,0,7.65,0,0,1
107,Yes,3,24.0,0,0,7.775,1,0,1
108,No,3,38.0,0,0,7.8958,1,0,1
109,Yes,3,24.0,1,0,24.15,0,1,0
110,No,1,47.0,0,0,52.0,1,0,1
111,No,3,14.5,1,0,14.4542,0,0,0
112,No,3,22.0,0,0,8.05,1,0,1
113,No,3,20.0,1,0,9.825,0,0,1
114,No,3,17.0,0,0,14.4583,0,0,0
115,No,3,21.0,0,0,7.925,1,0,1
116,No,3,70.5,0,0,7.75,1,1,0
117,No,2,29.0,1,0,21.0,1,0,1
118,No,1,24.0,0,1,247.5208,1,0,0
119,No,3,2.0,4,2,31.275,0,0,1
120,No,2,21.0,2,0,73.5,1,0,1
121,No,3,24.0,0,0,8.05,1,0,1
122,No,2,32.5,1,0,30.0708,1,0,0
123,Yes,2,32.5,0,0,13.0,0,0,1
124,No,1,54.0,0,1,77.2875,1,0,1
125,Yes,3,12.0,1,0,11.2417,1,0,0
126,No,3,24.0,0,0,7.75,1,1,0
127,Yes,3,24.0,0,0,7.1417,1,0,1
128,Yes,3,24.0,1,1,22.3583,0,0,0
129,No,3,45.0,0,0,6.975,1,0,1
130,No,3,33.0,0,0,7.8958,1,0,0
131,No,3,20.0,0,0,7.05,1,0,1
132,No,3,47.0,1,0,14.5,0,0,1
133,Yes,2,29.0,1,0,26.0,0,0,1
134,No,2,25.0,0,0,13.0,1,0,1
135,No,2,23.0,0,0,15.0458,1,0,0
136,Yes,1,19.0,0,2,26.2833,0,0,1
137,No,1,37.0,1,0,53.1,1,0,1
138,No,3,16.0,0,0,9.2167,1,0,1
139,No,1,24.0,0,0,79.2,1,0,0
140,No,3,24.0,0,2,15.2458,0,0,0
141,Yes,3,22.0,0,0,7.75,0,0,1
142,Yes,3,24.0,1,0,15.85,0,0,1
143,No,3,19.0,0,0,6.75,1,1,0
144,No,2,18.0,0,0,11.5,1,0,1
145,No,2,19.0,1,1,36.75,1,0,1
146,Yes,3,27.0,0,0,7.7958,1,0,1
147,No,3,9.0,2,2,34.375,0,0,1
148,No,2,36.5,0,2,26.0,1,0,1
149,No,2,42.0,0,0,13.0,1,0,1
150,No,2,51.0,0,0,12.525,1,0,1
151,Yes,1,22.0,1,0,66.6,0,0,1
152,No,3,55.5,0,0,8.05,1,0,1
153,No,3,40.5,0,2,14.5,1,0,1
154,No,3,24.0,0,0,7.3125,1,0,1
155,No,1,51.0,0,1,61.3792,1,0,0
156,Yes,3,16.0,0,0,7.7333,0,1,0
157,No,3,30.0,0,0,8.05,1,0,1
158,No,3,24.0,0,0,8.6625,1,0,1
159,No,3,24.0,8,2,69.55,1,0,1
160,No,3,44.0,0,1,16.1,1,0,1
161,Yes,2,40.0,0,0,15.75,0,0,1
162,No,3,26.0,0,0,7.775,1,0,1
163,No,3,17.0,0,0,8.6625,1,0,1
164,No,3,1.0,4,1,39.6875,1,0,1
165,Yes,3,9.0,0,2,20.525,1,0,1
166,Yes,1,37.0,0,1,55.0,0,0,1
167,No,3,45.0,1,4,27.9,0,0,1
168,No,1,37.0,0,0,25.925,1,0,1
169,No,3,28.0,0,0,56.4958,1,0,1
170,No,1,61.0,0,0,33.5,1,0,1
171,No,3,4.0,4,1,29.125,1,1,0
172,Yes,3,1.0,1,1,11.1333,0,0,1
173,No,3,21.0,0,0,7.925,1,0,1
174,No,1,56.0,0,0,30.6958,1,0,0
175,No,3,18.0,1,1,7.8542,1,0,1
176,No,3,24.0,3,1,25.4667,1,0,1
177,No,1,50.0,0,0,28.7125,0,0,0
178,No,2,30.0,0,0,13.0,1,0,1
179,No,3,36.0,0,0,0.0,1,0,1
180,No,3,24.0,8,2,69.55,0,0,1
181,No,2,29.0,0,0,15.05,1,0,0
182,No,3,9.0,4,2,31.3875,1,0,1
183,Yes,2,1.0,2,1,39.0,1,0,1
184,Yes,3,4.0,0,2,22.025,0,0,1
185,No,1,37.0,0,0,50.0,1,0,1
186,Yes,3,24.0,1,0,15.5,0,1,0
187,Yes,1,45.0,0,0,26.55,1,0,1
188,No,3,40.0,1,1,15.5,1,1,0
189,No,3,36.0,0,0,7.8958,1,0,1
190,Yes,2,32.0,0,0,13.0,0,0,1
191,No,2,19.0,0,0,13.0,1,0,1
192,Yes,3,19.0,1,0,7.8542,0,0,1
193,Yes,2,3.0,1,1,26.0,1,0,1
194,Yes,1,44.0,0,0,27.7208,0,0,0
195,Yes,1,58.0,0,0,146.5208,0,0,0
196,No,3,24.0,0,0,7.75,1,1,0
197,No,3,42.0,0,1,8.4042,1,0,1
198,Yes,3,24.0,0,0,7.75,0,1,0
199,No,2,24.0,0,0,13.0,0,0,1
200,No,3,28.0,0,0,9.5,1,0,1
201,No,3,24.0,8,2,69.55,1,0,1
202,No,3,34.0,0,0,6.4958,1,0,1
203,No,3,45.5,0,0,7.225,1,0,0
204,Yes,3,18.0,0,0,8.05,1,0,1
205,No,3,2.0,0,1,10.4625,0,0,1
206,No,3,32.0,1,0,15.85,1,0,1
207,Yes,3,26.0,0,0,18.7875,1,0,0
208,Yes,3,16.0,0,0,7.75,0,1,0
209,Yes,1,40.0,0,0,31.0,1,0,0
210,No,3,24.0,0,0,7.05,1,0,1
211,Yes,2,35.0,0,0,21.0,0,0,1
212,No,3,22.0,0,0,7.25,1,0,1
213,No,2,30.0,0,0,13.0,1,0,1
214,No,3,24.0,1,0,7.75,1,1,0
215,Yes,1,31.0,1,0,113.275,0,0,0
216,Yes,3,27.0,0,0,7.925,0,0,1
217,No,2,42.0,1,0,27.0,1,0,1
218,Yes,1,32.0,0,0,76.2917,0,0,0
219,No,2,30.0,0,0,10.5,1,0,1
220,Yes,3,16.0,0,0,8.05,1,0,1
221,No,2,27.0,0,0,13.0,1,0,1
222,No,3,51.0,0,0,8.05,1,0,1
223,No,3,24.0,0,0,7.8958,1,0,1
224,Yes,1,38.0,1,0,90.0,1,0,1
225,No,3,22.0,0,0,9.35,1,0,1
226,Yes,2,19.0,0,0,10.5,1,0,1
227,No,3,20.5,0,0,7.25,1,0,1
228,No,2,18.0,0,0,13.0,1,0,1
229,No,3,24.0,3,1,25.4667,0,0,1
230,Yes,1,35.0,1,0,83.475,0,0,1
231,No,3,29.0,0,0,7.775,1,0,1
232,No,2,59.0,0,0,13.5,1,0,1
233,Yes,3,5.0,4,2,31.3875,0,0,1
234,No,2,24.0,0,0,10.5,1,0,1
235,No,3,24.0,0,0,7.55,0,0,1
236,No,2,44.0,1,0,26.0,1,0,1
237,Yes,2,8.0,0,2,26.25,0,0,1
238,No,2,19.0,0,0,10.5,1,0,1
239,No,2,33.0,0,0,12.275,1,0,1
240,No,3,24.0,1,0,14.4542,0,0,0
241,Yes,3,24.0,1,0,15.5,0,1,0
242,No,2,29.0,0,0,10.5,1,0,1
243,No,3,22.0,0,0,7.125,1,0,1
244,No,3,30.0,0,0,7.225,1,0,0
245,No,1,44.0,2,0,90.0,1,1,0
246,No,3,25.0,0,0,7.775,0,0,1
247,Yes,2,24.0,0,2,14.5,0,0,1
248,Yes,1,37.0,1,1,52.5542,1,0,1
249,No,2,54.0,1,0,26.0,1,0,1
250,No,3,24.0,0,0,7.25,1,0,1
251,No,3,29.0,1,1,10.4625,0,0,1
252,No,1,62.0,0,0,26.55,1,0,1
253,No,3,30.0,1,0,16.1,1,0,1
254,No,3,41.0,0,2,20.2125,0,0,1
255,Yes,3,29.0,0,2,15.2458,0,0,0
256,Yes,1,37.0,0,0,79.2,0,0,0
257,Yes,1,30.0,0,0,86.5,0,0,1
258,Yes,1,35.0,0,0,512.3292,0,0,0
259,Yes,2,50.0,0,1,26.0,0,0,1
260,No,3,24.0,0,0,7.75,1,1,0
261,Yes,3,3.0,4,2,31.3875,1,0,1
262,No,1,52.0,1,1,79.65,1,0,1
263,No,1,40.0,0,0,0.0,1,0,1
264,No,3,24.0,0,0,7.75,0,1,0
265,No,2,36.0,0,0,10.5,1,0,1
266,No,3,16.0,4,1,39.6875,1,0,1
267,Yes,3,25.0,1,0,7.775,1,0,1
268,Yes,1,58.0,0,1,153.4625,0,0,1
269,Yes,1,35.0,0,0,135.6333,0,0,1
270,No,1,37.0,0,0,31.0,1,0,1
271,Yes,3,25.0,0,0,0.0,1,0,1
272,Yes,2,41.0,0,1,19.5,0,0,1
273,No,1,37.0,0,1,29.7,1,0,0
274,Yes,3,24.0,0,0,7.75,0,1,0
275,Yes,1,63.0,1,0,77.9583,0,0,1
276,No,3,45.0,0,0,7.75,0,0,1
277,No,2,29.0,0,0,0.0,1,0,1
278,No,3,7.0,4,1,29.125,1,1,0
279,Yes,3,35.0,1,1,20.25,0,0,1
280,No,3,65.0,0,0,7.75,1,1,0
281,No,3,28.0,0,0,7.8542,1,0,1
282,No,3,16.0,0,0,9.5,1,0,1
283,Yes,3,19.0,0,0,8.05,1,0,1
284,No,1,37.0,0,0,26.0,1,0,1
285,No,3,33.0,0,0,8.6625,1,0,0
286,Yes,3,30.0,0,0,9.5,1,0,1
287,No,3,22.0,0,0,7.8958,1,0,1
288,Yes,2,42.0,0,0,13.0,1,0,1
289,Yes,3,22.0,0,0,7.75,0,1,0
290,Yes,1,26.0,0,0,78.85,0,0,1
291,Yes,1,19.0,1,0,91.0792,0,0,0
292,No,2,36.0,0,0,12.875,1,0,0
293,No,3,24.0,0,0,8.85,0,0,1
294,No,3,24.0,0,0,7.8958,1,0,1
295,No,1,37.0,0,0,27.7208,1,0,0
296,No,3,23.5,0,0,7.2292,1,0,0
297,No,1,2.0,1,2,151.55,0,0,1
298,Yes,1,37.0,0,0,30.5,1,0,1
299,Yes,1,50.0,0,1,247.5208,0,0,0
300,Yes,3,24.0,0,0,7.75,0,1,0
301,Yes,3,24.0,2,0,23.25,1,1,0
302,No,3,19.0,0,0,0.0,1,0,1
303,Yes,2,29.0,0,0,12.35,0,1,0
304,No,3,24.0,0,0,8.05,1,0,1
305,Yes,1,0.92,1,2,151.55,1,0,1
306,Yes,1,37.0,0,0,110.8833,0,0,0
307,Yes,1,17.0,1,0,108.9,0,0,0
308,No,2,30.0,1,0,24.0,1,0,0
309,Yes,1,30.0,0,0,56.9292,0,0,0
310,Yes,1,24.0,0,0,83.1583,0,0,0
311,Yes,1,18.0,2,2,262.375,0,0,0
312,No,2,26.0,1,1,26.0,0,0,1
313,No,3,28.0,0,0,7.8958,1,0,1
314,No,2,43.0,1,1,26.25,1,0,1
315,Yes,3,26.0,0,0,7.8542,0,0,1
316,Yes,2,24.0,1,0,26.0,0,0,1
317,No,2,54.0,0,0,14.0,1,0,1
318,Yes,1,31.0,0,2,164.8667,0,0,1
319,Yes,1,40.0,1,1,134.5,0,0,0
320,No,3,22.0,0,0,7.25,1,0,1
321,No,3,27.0,0,0,7.8958,1,0,1
322,Yes,2,30.0,0,0,12.35,0,1,0
323,Yes,2,22.0,1,1,29.0,0,0,1
324,No,3,24.0,8,2,69.55,1,0,1
325,Yes,1,36.0,0,0,135.6333,0,0,0
326,No,3,61.0,0,0,6.2375,1,0,1
327,Yes,2,36.0,0,0,13.0,0,0,1
328,Yes,3,31.0,1,1,20.525,0,0,1
329,Yes,1,16.0,0,1,57.9792,0,0,0
330,Yes,3,24.0,2,0,23.25,0,1,0
331,No,1,45.5,0,0,28.5,1,0,1
332,No,1,38.0,0,1,153.4625,1,0,1
333,No,3,16.0,2,0,18.0,1,0,1
334,Yes,1,37.0,1,0,133.65,0,0,1
335,No,3,24.0,0,0,7.8958,1,0,1
336,No,1,29.0,1,0,66.6,1,0,1
337,Yes,1,41.0,0,0,134.5,0,0,0
338,Yes,3,45.0,0,0,8.05,1,0,1
339,No,1,45.0,0,0,35.5,1,0,1
340,Yes,2,2.0,1,1,26.0,1,0,1
341,Yes,1,24.0,3,2,263.0,0,0,1
342,No,2,28.0,0,0,13.0,1,0,1
343,No,2,25.0,0,0,13.0,1,0,1
344,No,2,36.0,0,0,13.0,1,0,1
345,Yes,2,24.0,0,0,13.0,0,0,1
346,Yes,2,40.0,0,0,13.0,0,0,1
347,Yes,3,24.0,1,0,16.1,0,0,1
348,Yes,3,3.0,1,1,15.9,1,0,1
349,No,3,42.0,0,0,8.6625,1,0,1
350,No,3,23.0,0,0,9.225,1,0,1
351,No,1,37.0,0,0,35.0,1,0,1
352,No,3,15.0,1,1,7.2292,1,0,0
353,No,3,25.0,1,0,17.8,1,0,1
354,No,3,24.0,0,0,7.225,1,0,0
355,No,3,28.0,0,0,9.5,1,0,1
356,Yes,1,22.0,0,1,55.0,0,0,1
357,No,2,38.0,0,0,13.0,0,0,1
358,Yes,3,24.0,0,0,7.8792,0,1,0
359,Yes,3,24.0,0,0,7.8792,0,1,0
360,No,3,40.0,1,4,27.9,1,0,1
361,No,2,29.0,1,0,27.7208,1,0,0
362,No,3,45.0,0,1,14.4542,0,0,0
363,No,3,35.0,0,0,7.05,1,0,1
364,No,3,24.0,1,0,15.5,1,1,0
365,No,3,30.0,0,0,7.25,1,0,1
366,Yes,1,60.0,1,0,75.25,0,0,0
367,Yes,3,24.0,0,0,7.2292,0,0,0
368,Yes,3,24.0,0,0,7.75,0,1,0
369,Yes,1,24.0,0,0,69.3,0,0,0
370,Yes,1,25.0,1,0,55.4417,1,0,0
371,No,3,18.0,1,0,6.4958,1,0,1
372,No,3,19.0,0,0,8.05,1,0,1
373,No,1,22.0,0,0,135.6333,1,0,0
374,No,3,3.0,3,1,21.075,0,0,1
375,Yes,1,37.0,1,0,82.1708,0,0,0
376,Yes,3,22.0,0,0,7.25,0,0,1
377,No,1,27.0,0,2,211.5,1,0,0
378,No,3,20.0,0,0,4.0125,1,0,0
379,No,3,19.0,0,0,7.775,1,0,1
380,Yes,1,42.0,0,0,227.525,0,0,0
381,Yes,3,1.0,0,2,15.7417,0,0,0
382,No,3,32.0,0,0,7.925,1,0,1
383,Yes,1,35.0,1,0,52.0,0,0,1
384,No,3,24.0,0,0,7.8958,1,0,1
385,No,2,18.0,0,0,73.5,1,0,1
386,No,3,1.0,5,2,46.9,1,0,1
387,Yes,2,36.0,0,0,13.0,0,0,1
388,No,3,24.0,0,0,7.7292,1,1,0
389,Yes,2,17.0,0,0,12.0,0,0,0
390,Yes,1,36.0,1,2,120.0,1,0,1
391,Yes,3,21.0,0,0,7.7958,1,0,1
392,No,3,28.0,2,0,7.925,1,0,1
393,Yes,1,23.0,1,0,113.275,0,0,0
394,Yes,3,24.0,0,2,16.7,0,0,1
395,No,3,22.0,0,0,7.7958,1,0,1
396,No,3,31.0,0,0,7.8542,0,0,1
397,No,2,46.0,0,0,26.0,1,0,1
398,No,2,23.0,0,0,10.5,1,0,1
399,Yes,2,28.0,0,0,12.65,0,0,1
400,Yes,3,39.0,0,0,7.925,1,0,1
401,No,3,26.0,0,0,8.05,1,0,1
402,No,3,21.0,1,0,9.825,0,0,1
403,No,3,28.0,1,0,15.85,1,0,1
404,No,3,20.0,0,0,8.6625,0,0,1
405,No,2,34.0,1,0,21.0,1,0,1
406,No,3,51.0,0,0,7.75,1,0,1
407,Yes,2,3.0,1,1,18.75,1,0,1
408,No,3,21.0,0,0,7.775,1,0,1
409,No,3,24.0,3,1,25.4667,0,0,1
410,No,3,24.0,0,0,7.8958,1,0,1
411,No,3,24.0,0,0,6.8583,1,1,0
412,Yes,1,33.0,1,0,90.0,0,1,0
413,No,2,29.0,0,0,0.0,1,0,1
414,Yes,3,44.0,0,0,7.925,1,0,1
415,No,3,24.0,0,0,8.05,0,0,1
416,Yes,2,34.0,1,1,32.5,0,0,1
417,Yes,2,18.0,0,2,13.0,0,0,1
418,No,2,30.0,0,0,13.0,1,0,1
419,No,3,10.0,0,2,24.15,0,0,1
420,No,3,24.0,0,0,7.8958,1,0,0
421,No,3,21.0,0,0,7.7333,1,1,0
422,No,3,29.0,0,0,7.875,1,0,1
423,No,3,28.0,1,1,14.4,0,0,1
424,No,3,18.0,1,1,20.2125,1,0,1
425,No,3,24.0,0,0,7.25,1,0,1
426,Yes,2,28.0,1,0,26.0,0,0,1
427,Yes,2,19.0,0,0,26.0,0,0,1
428,No,3,24.0,0,0,7.75,1,1,0
429,Yes,3,32.0,0,0,8.05,1,0,1
430,Yes,1,28.0,0,0,26.55,1,0,1
431,Yes,3,24.0,1,0,16.1,0,0,1
432,Yes,2,42.0,1,0,26.0,0,0,1
433,No,3,17.0,0,0,7.125,1,0,1
434,No,1,50.0,1,0,55.9,1,0,1
435,Yes,1,14.0,1,2,120.0,0,0,1
436,No,3,21.0,2,2,34.375,0,0,1
437,Yes,2,24.0,2,3,18.75,0,0,1
438,No,1,64.0,1,4,263.0,1,0,1
439,No,2,31.0,0,0,10.5,1,0,1
440,Yes,2,45.0,1,1,26.25,0,0,1
441,No,3,20.0,0,0,9.5,1,0,1
442,No,3,25.0,1,0,7.775,1,0,1
443,Yes,2,28.0,0,0,13.0,0,0,1
444,Yes,3,24.0,0,0,8.1125,1,0,1
445,Yes,1,4.0,0,2,81.8583,1,0,1
446,Yes,2,13.0,0,1,19.5,0,0,1
447,Yes,1,34.0,0,0,26.55,1,0,1
448,Yes,3,5.0,2,1,19.2583,0,0,0
449,Yes,1,52.0,0,0,30.5,1,0,1
450,No,2,36.0,1,2,27.75,1,0,1
451,No,3,24.0,1,0,19.9667,1,0,1
452,No,1,30.0,0,0,27.75,1,0,0
453,Yes,1,49.0,1,0,89.1042,1,0,0
454,No,3,24.0,0,0,8.05,1,0,1
455,Yes,3,29.0,0,0,7.8958,1,0,0
456,No,1,65.0,0,0,26.55,1,0,1
457,Yes,1,37.0,1,0,51.8625,0,0,1
458,Yes,2,50.0,0,0,10.5,0,0,1
459,No,3,24.0,0,0,7.75,1,1,0
460,Yes,1,48.0,0,0,26.55,1,0,1
461,No,3,34.0,0,0,8.05,1,0,1
462,No,1,47.0,0,0,38.5,1,0,1
463,No,2,48.0,0,0,13.0,1,0,1
464,No,3,24.0,0,0,8.05,1,0,1
465,No,3,38.0,0,0,7.05,1,0,1
466,No,2,29.0,0,0,0.0,1,0,1
467,No,1,56.0,0,0,26.55,1,0,1
468,No,3,24.0,0,0,7.725,1,1,0
469,Yes,3,0.75,2,1,19.2583,0,0,0
470,No,3,24.0,0,0,7.25,1,0,1
471,No,3,38.0,0,0,8.6625,1,0,1
472,Yes,2,33.0,1,2,27.75,0,0,1
473,Yes,2,23.0,0,0,13.7917,0,0,0
474,No,3,22.0,0,0,9.8375,0,0,1
475,No,1,37.0,0,0,52.0,1,0,1
476,No,2,34.0,1,0,21.0,1,0,1
477,No,3,29.0,1,0,7.0458,1,0,1
478,No,3,22.0,0,0,7.5208,1,0,1
479,Yes,3,2.0,0,1,12.2875,0,0,1
480,No,3,9.0,5,2,46.9,1,0,1
481,No,2,29.0,0,0,0.0,1,0,1
482,No,3,50.0,0,0,8.05,1,0,1
483,Yes,3,63.0,0,0,9.5875,0,0,1
484,Yes,1,25.0,1,0,91.0792,1,0,0
485,No,3,24.0,3,1,25.4667,0,0,1
486,Yes,1,35.0,1,0,90.0,0,0,1
487,No,1,58.0,0,0,29.7,1,0,0
488,No,3,30.0,0,0,8.05,1,0,1
489,Yes,3,9.0,1,1,15.9,1,0,1
490,No,3,24.0,1,0,19.9667,1,0,1
491,No,3,21.0,0,0,7.25,1,0,1
492,No,1,55.0,0,0,30.5,1,0,1
493,No,1,71.0,0,0,49.5042,1,0,0
494,No,3,21.0,0,0,8.05,1,0,1
495,No,3,24.0,0,0,14.4583,1,0,0
496,Yes,1,54.0,1,0,78.2667,0,0,0
497,No,3,24.0,0,0,15.1,1,0,1
498,No,1,25.0,1,2,151.55,0,0,1
499,No,3,24.0,0,0,7.7958,1,0,1
500,No,3,17.0,0,0,8.6625,1,0,1
501,No,3,21.0,0,0,7.75,0,1,0
502,No,3,24.0,0,0,7.6292,0,1,0
503,No,3,37.0,0,0,9.5875,0,0,1
504,Yes,1,16.0,0,0,86.5,0,0,1
505,No,1,18.0,1,0,108.9,1,0,0
506,Yes,2,33.0,0,2,26.0,0,0,1
507,Yes,1,37.0,0,0,26.55,1,0,1
508,No,3,28.0,0,0,22.525,1,0,1
509,Yes,3,26.0,0,0,56.4958,1,0,1
510,Yes,3,29.0,0,0,7.75,1,1,0
511,No,3,24.0,0,0,8.05,1,0,1
512,Yes,1,36.0,0,0,26.2875,1,0,1
513,Yes,1,54.0,1,0,59.4,0,0,0
514,No,3,24.0,0,0,7.4958,1,0,1
515,No,1,47.0,0,0,34.0208,1,0,1
516,Yes,2,34.0,0,0,10.5,0,0,1
517,No,3,24.0,0,0,24.15,1,1,0
518,Yes,2,36.0,1,0,26.0,0,0,1
519,No,3,32.0,0,0,7.8958,1,0,1
520,Yes,1,30.0,0,0,93.5,0,0,1
521,No,3,22.0,0,0,7.8958,1,0,1
522,No,3,24.0,0,0,7.225,1,0,0
523,Yes,1,44.0,0,1,57.9792,0,0,0
524,No,3,24.0,0,0,7.2292,1,0,0
525,No,3,40.5,0,0,7.75,1,1,0
526,Yes,2,50.0,0,0,10.5,0,0,1
527,No,1,37.0,0,0,221.7792,1,0,1
528,No,3,39.0,0,0,7.925,1,0,1
529,No,2,23.0,2,1,11.5,1,0,1
530,Yes,2,2.0,1,1,26.0,0,0,1
531,No,3,24.0,0,0,7.2292,1,0,0
532,No,3,17.0,1,1,7.2292,1,0,0
533,Yes,3,24.0,0,2,22.3583,0,0,0
534,No,3,30.0,0,0,8.6625,0,0,1
535,Yes,2,7.0,0,2,26.25,0,0,1
536,No,1,45.0,0,0,26.55,1,0,1
537,Yes,1,30.0,0,0,106.425,0,0,0
538,No,3,24.0,0,0,14.5,1,0,1
539,Yes,1,22.0,0,2,49.5,0,0,0
540,Yes,1,36.0,0,2,71.0,0,0,1
541,No,3,9.0,4,2,31.275,0,0,1
542,No,3,11.0,4,2,31.275,0,0,1
543,Yes,2,32.0,1,0,26.0,1,0,1
544,No,1,50.0,1,0,106.425,1,0,0
545,No,1,64.0,0,0,26.0,1,0,1
546,Yes,2,19.0,1,0,26.0,0,0,1
547,Yes,2,29.0,0,0,13.8625,1,0,0
548,No,3,33.0,1,1,20.525,1,0,1
549,Yes,2,8.0,1,1,36.75,1,0,1
550,Yes,1,17.0,0,2,110.8833,1,0,0
551,No,2,27.0,0,0,26.0,1,0,1
552,No,3,24.0,0,0,7.8292,1,1,0
553,Yes,3,22.0,0,0,7.225,1,0,0
554,Yes,3,22.0,0,0,7.775,0,0,1
555,No,1,62.0,0,0,26.55,1,0,1
556,Yes,1,48.0,1,0,39.6,0,0,0
557,No,1,37.0,0,0,227.525,1,0,0
558,Yes,1,39.0,1,1,79.65,0,0,1
559,Yes,3,36.0,1,0,17.4,0,0,1
560,No,3,24.0,0,0,7.75,1,1,0
561,No,3,40.0,0,0,7.8958,1,0,1
562,No,2,28.0,0,0,13.5,1,0,1
563,No,3,24.0,0,0,8.05,1,0,1
564,No,3,24.0,0,0,8.05,0,0,1
565,No,3,24.0,2,0,24.15,1,0,1
566,No,3,19.0,0,0,7.8958,1,0,1
567,No,3,29.0,0,4,21.075,0,0,1
568,No,3,24.0,0,0,7.2292,1,0,0
569,Yes,3,32.0,0,0,7.8542,1,0,1
570,Yes,2,62.0,0,0,10.5,1,0,1
571,Yes,1,53.0,2,0,51.4792,0,0,1
572,Yes,1,36.0,0,0,26.3875,1,0,1
573,Yes,3,24.0,0,0,7.75,0,1,0
574,No,3,16.0,0,0,8.05,1,0,1
575,No,3,19.0,0,0,14.5,1,0,1
576,Yes,2,34.0,0,0,13.0,0,0,1
577,Yes,1,39.0,1,0,55.9,0,0,1
578,No,3,24.0,1,0,14.4583,0,0,0
579,Yes,3,32.0,0,0,7.925,1,0,1
580,Yes,2,25.0,1,1,30.0,0,0,1
581,Yes,1,39.0,1,1,110.8833,0,0,0
582,No,2,54.0,0,0,26.0,1,0,1
583,No,1,36.0,0,0,40.125,1,0,0
584,No,3,24.0,0,0,8.7125,1,0,0
585,Yes,1,18.0,0,2,79.65,0,0,1
586,No,2,47.0,0,0,15.0,1,0,1
587,Yes,1,60.0,1,1,79.2,1,0,0
588,No,3,22.0,0,0,8.05,1,0,1
589,No,3,24.0,0,0,8.05,1,0,1
590,No,3,35.0,0,0,7.125,1,0,1
591,Yes,1,52.0,1,0,78.2667,0,0,0
592,No,3,47.0,0,0,7.25,1,0,1
593,No,3,24.0,0,2,7.75,0,1,0
594,No,2,37.0,1,0,26.0,1,0,1
595,No,3,36.0,1,1,24.15,1,0,1
596,Yes,2,29.0,0,0,33.0,0,0,1
597,No,3,49.0,0,0,0.0,1,0,1
598,No,3,24.0,0,0,7.225,1,0,0
599,Yes,1,49.0,1,0,56.9292,1,0,0
600,Yes,2,24.0,2,1,27.0,0,0,1
601,No,3,24.0,0,0,7.8958,1,0,1
602,No,1,37.0,0,0,42.4,1,0,1
603,No,3,44.0,0,0,8.05,1,0,1
604,Yes,1,35.0,0,0,26.55,1,0,0
605,No,3,36.0,1,0,15.55,1,0,1
606,No,3,30.0,0,0,7.8958,1,0,1
607,Yes,1,27.0,0,0,30.5,1,0,1
608,Yes,2,22.0,1,2,41.5792,0,0,0
609,Yes,1,40.0,0,0,153.4625,0,0,1
610,No,3,39.0,1,5,31.275,0,0,1
611,No,3,24.0,0,0,7.05,1,0,1
612,Yes,3,24.0,1,0,15.5,0,1,0
613,No,3,24.0,0,0,7.75,1,1,0
614,No,3,35.0,0,0,8.05,1,0,1
615,Yes,2,24.0,1,2,65.0,0,0,1
616,No,3,34.0,1,1,14.4,1,0,1
617,No,3,26.0,1,0,16.1,0,0,1
618,Yes,2,4.0,2,1,39.0,0,0,1
619,No,2,26.0,0,0,10.5,1,0,1
620,No,3,27.0,1,0,14.4542,1,0,0
621,Yes,1,42.0,1,0,52.5542,1,0,1
622,Yes,3,20.0,1,1,15.7417,1,0,0
623,No,3,21.0,0,0,7.8542,1,0,1
624,No,3,21.0,0,0,16.1,1,0,1
625,No,1,61.0,0,0,32.3208,1,0,1
626,No,2,57.0,0,0,12.35,1,1,0
627,Yes,1,21.0,0,0,77.9583,0,0,1
628,No,3,26.0,0,0,7.8958,1,0,1
629,No,3,24.0,0,0,7.7333,1,1,0
630,Yes,1,80.0,0,0,30.0,1,0,1
631,No,3,51.0,0,0,7.0542,1,0,1
632,Yes,1,32.0,0,0,30.5,1,0,0
633,No,1,37.0,0,0,0.0,1,0,1
634,No,3,9.0,3,2,27.9,0,0,1
635,Yes,2,28.0,0,0,13.0,0,0,1
636,No,3,32.0,0,0,7.925,1,0,1
637,No,2,31.0,1,1,26.25,1,0,1
638,No,3,41.0,0,5,39.6875,0,0,1
639,No,3,24.0,1,0,16.1,1,0,1
640,No,3,20.0,0,0,7.8542,1,0,1
641,Yes,1,24.0,0,0,69.3,0,0,0
642,No,3,2.0,3,2,27.9,0,0,1
643,Yes,3,24.0,0,0,56.4958,1,0,1
644,Yes,3,0.75,2,1,19.2583,0,0,0
645,Yes,1,48.0,1,0,76.7292,1,0,0
646,No,3,19.0,0,0,7.8958,1,0,1
647,Yes,1,56.0,0,0,35.5,1,0,0
648,No,3,24.0,0,0,7.55,1,0,1
649,Yes,3,23.0,0,0,7.55,0,0,1
650,No,3,24.0,0,0,7.8958,1,0,1
651,Yes,2,18.0,0,1,23.0,0,0,1
652,No,3,21.0,0,0,8.4333,1,0,1
653,Yes,3,24.0,0,0,7.8292,0,1,0
654,No,3,18.0,0,0,6.75,0,1,0
655,No,2,24.0,2,0,73.5,1,0,1
656,No,3,24.0,0,0,7.8958,1,0,1
657,No,3,32.0,1,1,15.5,0,1,0
658,No,2,23.0,0,0,13.0,1,0,1
659,No,1,58.0,0,2,113.275,1,0,0
660,Yes,1,50.0,2,0,133.65,1,0,1
661,No,3,40.0,0,0,7.225,1,0,0
662,No,1,47.0,0,0,25.5875,1,0,1
663,No,3,36.0,0,0,7.4958,1,0,1
664,Yes,3,20.0,1,0,7.925,1,0,1
665,No,2,32.0,2,0,73.5,1,0,1
666,No,2,25.0,0,0,13.0,1,0,1
667,No,3,24.0,0,0,7.775,1,0,1
668,No,3,43.0,0,0,8.05,1,0,1
669,Yes,1,37.0,1,0,52.0,0,0,1
670,Yes,2,40.0,1,1,39.0,0,0,1
671,No,1,31.0,1,0,52.0,1,0,1
672,No,2,70.0,0,0,10.5,1,0,1
673,Yes,2,31.0,0,0,13.0,1,0,1
674,No,2,29.0,0,0,0.0,1,0,1
675,No,3,18.0,0,0,7.775,1,0,1
676,No,3,24.5,0,0,8.05,1,0,1
677,Yes,3,18.0,0,0,9.8417,0,0,1
678,No,3,43.0,1,6,46.9,0,0,1
679,Yes,1,36.0,0,1,512.3292,1,0,0
680,No,3,24.0,0,0,8.1375,0,1,0
681,Yes,1,27.0,0,0,76.7292,1,0,0
682,No,3,20.0,0,0,9.225,1,0,1
683,No,3,14.0,5,2,46.9,1,0,1
684,No,2,60.0,1,1,39.0,1,0,1
685,No,2,25.0,1,2,41.5792,1,0,0
686,No,3,14.0,4,1,39.6875,1,0,1
687,No,3,19.0,0,0,10.1708,1,0,1
688,No,3,18.0,0,0,7.7958,1,0,1
689,Yes,1,15.0,0,1,211.3375,0,0,1
690,Yes,1,31.0,1,0,57.0,1,0,1
691,Yes,3,4.0,0,1,13.4167,0,0,0
692,Yes,3,24.0,0,0,56.4958,1,0,1
693,No,3,25.0,0,0,7.225,1,0,0
694,No,1,60.0,0,0,26.55,1,0,1
695,No,2,52.0,0,0,13.5,1,0,1
696,No,3,44.0,0,0,8.05,1,0,1
697,Yes,3,24.0,0,0,7.7333,0,1,0
698,No,1,49.0,1,1,110.8833,1,0,0
699,No,3,42.0,0,0,7.65,1,0,1
700,Yes,1,18.0,1,0,227.525,0,0,0
701,Yes,1,35.0,0,0,26.2875,1,0,1
702,No,3,18.0,0,1,14.4542,0,0,0
703,No,3,25.0,0,0,7.7417,1,1,0
704,No,3,26.0,1,0,7.8542,1,0,1
705,No,2,39.0,0,0,26.0,1,0,1
706,Yes,2,45.0,0,0,13.5,0,0,1
707,Yes,1,42.0,0,0,26.2875,1,0,1
708,Yes,1,22.0,0,0,151.55,0,0,1
709,Yes,3,24.0,1,1,15.2458,1,0,0
710,Yes,1,24.0,0,0,49.5042,0,0,0
711,No,1,37.0,0,0,26.55,1,0,1
712,Yes,1,48.0,1,0,52.0,1,0,1
713,No,3,29.0,0,0,9.4833,1,0,1
714,No,2,52.0,0,0,13.0,1,0,1
715,No,3,19.0,0,0,7.65,1,0,1
716,Yes,1,38.0,0,0,227.525,0,0,0
717,Yes,2,27.0,0,0,10.5,0,0,1
718,No,3,24.0,0,0,15.5,1,1,0
719,No,3,33.0,0,0,7.775,1,0,1
720,Yes,2,6.0,0,1,33.0,0,0,1
721,No,3,17.0,1,0,7.0542,1,0,1
722,No,2,34.0,0,0,13.0,1,0,1
723,No,2,50.0,0,0,13.0,1,0,1
724,Yes,1,27.0,1,0,53.1,1,0,1
725,No,3,20.0,0,0,8.6625,1,0,1
726,Yes,2,30.0,3,0,21.0,0,0,1
727,Yes,3,24.0,0,0,7.7375,0,1,0
728,No,2,25.0,1,0,26.0,1,0,1
729,No,3,25.0,1,0,7.925,0,0,1
730,Yes,1,29.0,0,0,211.3375,0,0,1
731,No,3,11.0,0,0,18.7875,1,0,0
732,No,2,29.0,0,0,0.0,1,0,1
733,No,2,23.0,0,0,13.0,1,0,1
734,No,2,23.0,0,0,13.0,1,0,1
735,No,3,28.5,0,0,16.1,1,0,1
736,No,3,48.0,1,3,34.375,0,0,1
737,Yes,1,35.0,0,0,512.3292,1,0,0
738,No,3,24.0,0,0,7.8958,1,0,1
739,No,3,24.0,0,0,7.8958,1,0,1
740,Yes,1,37.0,0,0,30.0,1,0,1
741,No,1,36.0,1,0,78.85,1,0,1
742,Yes,1,21.0,2,2,262.375,0,0,0
743,No,3,24.0,1,0,16.1,1,0,1
744,Yes,3,31.0,0,0,7.925,1,0,1
745,No,1,70.0,1,1,71.0,1,0,1
746,No,3,16.0,1,1,20.25,1,0,1
747,Yes,2,30.0,0,0,13.0,0,0,1
748,No,1,19.0,1,0,53.1,1,0,1
749,No,3,31.0,0,0,7.75,1,1,0
750,Yes,2,4.0,1,1,23.0,0,0,1
751,Yes,3,6.0,0,1,12.475,1,0,1
752,No,3,33.0,0,0,9.5,1,0,1
753,No,3,23.0,0,0,7.8958,1,0,1
754,Yes,2,48.0,1,2,65.0,0,0,1
755,Yes,2,0.67,1,1,14.5,1,0,1
756,No,3,28.0,0,0,7.7958,1,0,1
757,No,2,18.0,0,0,11.5,1,0,1
758,No,3,34.0,0,0,8.05,1,0,1
759,Yes,1,33.0,0,0,86.5,0,0,1
760,No,3,24.0,0,0,14.5,1,0,1
761,No,3,41.0,0,0,7.125,1,0,1
762,Yes,3,20.0,0,0,7.2292,1,0,0
763,Yes,1,36.0,1,2,120.0,0,0,1
764,No,3,16.0,0,0,7.775,1,0,1
765,Yes,1,51.0,1,0,77.9583,0,0,1
766,No,1,37.0,0,0,39.6,1,0,0
767,No,3,30.5,0,0,7.75,0,1,0
768,No,3,24.0,1,0,24.15,1,1,0
769,No,3,32.0,0,0,8.3625,1,0,1
770,No,3,24.0,0,0,9.5,1,0,1
771,No,3,48.0,0,0,7.8542,1,0,1
772,No,2,57.0,0,0,10.5,0,0,1
773,No,3,24.0,0,0,7.225,1,0,0
774,Yes,2,54.0,1,3,23.0,0,0,1
775,No,3,18.0,0,0,7.75,1,0,1
776,No,3,24.0,0,0,7.75,1,1,0
777,Yes,3,5.0,0,0,12.475,0,0,1
778,No,3,24.0,0,0,7.7375,1,1,0
779,Yes,1,43.0,0,1,211.3375,0,0,1
780,Yes,3,13.0,0,0,7.2292,0,0,0
781,Yes,1,17.0,1,0,57.0,0,0,1
782,No,1,29.0,0,0,30.0,1,0,1
783,No,3,24.0,1,2,23.45,1,0,1
784,No,3,25.0,0,0,7.05,1,0,1
785,No,3,25.0,0,0,7.25,1,0,1
786,Yes,3,18.0,0,0,7.4958,0,0,1
787,No,3,8.0,4,1,29.125,1,1,0
788,Yes,3,1.0,1,2,20.575,1,0,1
789,No,1,46.0,0,0,79.2,1,0,0
790,No,3,24.0,0,0,7.75,1,1,0
791,No,2,16.0,0,0,26.0,1,0,1
792,No,3,24.0,8,2,69.55,0,0,1
793,No,1,37.0,0,0,30.6958,1,0,0
794,No,3,25.0,0,0,7.8958,1,0,1
795,No,2,39.0,0,0,13.0,1,0,1
796,Yes,1,49.0,0,0,25.9292,0,0,1
797,Yes,3,31.0,0,0,8.6833,0,0,1
798,No,3,30.0,0,0,7.2292,1,0,0
799,No,3,30.0,1,1,24.15,0,0,1
800,No,2,34.0,0,0,13.0,1,0,1
801,Yes,2,31.0,1,1,26.25,0,0,1
802,Yes,1,11.0,1,2,120.0,1,0,1
803,Yes,3,0.42,0,1,8.5167,1,0,0
804,Yes,3,27.0,0,0,6.975,1,0,1
805,No,3,31.0,0,0,7.775,1,0,1
806,No,1,39.0,0,0,0.0,1,0,1
807,No,3,18.0,0,0,7.775,0,0,1
808,No,2,39.0,0,0,13.0,1,0,1
809,Yes,1,33.0,1,0,53.1,0,0,1
810,No,3,26.0,0,0,7.8875,1,0,1
811,No,3,39.0,0,0,24.15,1,0,1
812,No,2,35.0,0,0,10.5,1,0,1
813,No,3,6.0,4,2,31.275,0,0,1
814,No,3,30.5,0,0,8.05,1,0,1
815,No,1,37.0,0,0,0.0,1,0,1
816,No,3,23.0,0,0,7.925,0,0,1
817,No,2,31.0,1,1,37.0042,1,0,0
818,No,3,43.0,0,0,6.45,1,0,1
819,No,3,10.0,3,2,27.9,1,0,1
820,Yes,1,52.0,1,1,93.5,0,0,1
821,Yes,3,27.0,0,0,8.6625,1,0,1
822,No,1,38.0,0,0,0.0,1,0,1
823,Yes,3,27.0,0,1,12.475,0,0,1
824,No,3,2.0,4,1,39.6875,1,0,1
825,No,3,24.0,0,0,6.95,1,1,0
826,No,3,24.0,0,0,56.4958,1,0,1
827,Yes,2,1.0,0,2,37.0042,1,0,0
828,Yes,3,24.0,0,0,7.75,1,1,0
830,Yes,3,15.0,1,0,14.4542,0,0,0
831,Yes,2,0.83,1,1,18.75,1,0,1
832,No,3,24.0,0,0,7.2292,1,0,0
833,No,3,23.0,0,0,7.8542,1,0,1
834,No,3,18.0,0,0,8.3,1,0,1
835,Yes,1,39.0,1,1,83.1583,0,0,0
836,No,3,21.0,0,0,8.6625,1,0,1
837,No,3,24.0,0,0,8.05,1,0,1
838,Yes,3,32.0,0,0,56.4958,1,0,1
839,Yes,1,37.0,0,0,29.7,1,0,0
840,No,3,20.0,0,0,7.925,1,0,1
841,No,2,16.0,0,0,10.5,1,0,1
842,Yes,1,30.0,0,0,31.0,0,0,0
843,No,3,34.5,0,0,6.4375,1,0,0
844,No,3,17.0,0,0,8.6625,1,0,1
845,No,3,42.0,0,0,7.55,1,0,1
846,No,3,24.0,8,2,69.55,1,0,1
847,No,3,35.0,0,0,7.8958,1,0,0
848,No,2,28.0,0,1,33.0,1,0,1
849,Yes,1,37.0,1,0,89.1042,0,0,0
850,No,3,4.0,4,2,31.275,1,0,1
851,No,3,74.0,0,0,7.775,1,0,1
852,No,3,9.0,1,1,15.2458,0,0,0
853,Yes,1,16.0,0,1,39.4,0,0,1
854,No,2,44.0,1,0,26.0,0,0,1
855,Yes,3,18.0,0,1,9.35,0,0,1
856,Yes,1,45.0,1,1,164.8667,0,0,1
857,Yes,1,51.0,0,0,26.55,1,0,1
858,Yes,3,24.0,0,3,19.2583,0,0,0
859,No,3,24.0,0,0,7.2292,1,0,0
860,No,3,41.0,2,0,14.1083,1,0,1
861,No,2,21.0,1,0,11.5,1,0,1
862,Yes,1,48.0,0,0,25.9292,0,0,1
863,No,3,24.0,8,2,69.55,0,0,1
864,No,2,24.0,0,0,13.0,1,0,1
865,Yes,2,42.0,0,0,13.0,0,0,1
866,Yes,2,27.0,1,0,13.8583,0,0,0
867,No,1,31.0,0,0,50.4958,1,0,1
868,No,3,24.0,0,0,9.5,1,0,1
869,Yes,3,4.0,1,1,11.1333,1,0,1
870,No,3,26.0,0,0,7.8958,1,0,1
871,Yes,1,47.0,1,1,52.5542,0,0,1
872,No,1,33.0,0,0,5.0,1,0,1
873,No,3,47.0,0,0,9.0,1,0,1
874,Yes,2,28.0,1,0,24.0,0,0,0
875,Yes,3,15.0,0,0,7.225,0,0,0
876,No,3,20.0,0,0,9.8458,1,0,1
877,No,3,19.0,0,0,7.8958,1,0,1
878,No,3,24.0,0,0,7.8958,1,0,1
879,Yes,1,56.0,0,1,83.1583,0,0,0
880,Yes,2,25.0,0,1,26.0,0,0,1
881,No,3,33.0,0,0,7.8958,1,0,1
882,No,3,22.0,0,0,10.5167,0,0,1
883,No,2,28.0,0,0,10.5,1,0,1
884,No,3,25.0,0,0,7.05,1,0,1
885,No,3,39.0,0,5,29.125,0,1,0
886,No,2,27.0,0,0,13.0,1,0,1
887,Yes,1,19.0,0,0,30.0,0,0,1
888,No,3,24.0,1,2,23.45,0,0,1
889,Yes,1,26.0,0,0,30.0,1,0,0
890,No,3,32.0,0,0,7.75,1,1,0
